interval_end,register,import_kwh,export_kwh
2025-01-02T00:00+10:00,general,0.4722,0.0000
2025-01-03T00:00+10:00,general,0.4675,0.0000
2025-01-04T00:00+10:00,general,0.4630,0.0000
2025-01-05T00:00+10:00,general,0.4588,0.0000
2025-01-06T00:00+10:00,general,0.4549,0.0000
2025-01-07T00:00+10:00,general,0.4513,0.0000
2025-01-08T00:00+10:00,general,0.4480,0.0000
2025-01-09T00:00+10:00,general,0.4450,0.0000
2025-01-10T00:00+10:00,general,0.4423,0.0000
2025-01-11T00:00+10:00,general,0.4399,0.0000
2025-01-12T00:00+10:00,general,0.4378,0.0000
2025-01-13T00:00+10:00,general,0.4360,0.0000
2025-01-14T00:00+10:00,general,0.4345,0.0000
2025-01-15T00:00+10:00,general,0.4333,0.0000
2025-01-16T00:00+10:00,general,0.4324,0.0000
2025-01-17T00:00+10:00,general,0.4318,0.0000
2025-01-18T00:00+10:00,general,0.4315,0.0000
2025-01-19T00:00+10:00,general,0.4315,0.0000
2025-01-20T00:00+10:00,general,0.4318,0.0000
2025-01-21T00:00+10:00,general,0.4324,0.0000
2025-01-22T00:00+10:00,general,0.4333,0.0000
2025-01-23T00:00+10:00,general,0.4345,0.0000
2025-01-24T00:00+10:00,general,0.4360,0.0000
2025-01-25T00:00+10:00,general,0.4378,0.0000
2025-01-26T00:00+10:00,general,0.4399,0.0000
2025-01-27T00:00+10:00,general,0.4423,0.0000
2025-01-28T00:00+10:00,general,0.4450,0.0000
2025-01-29T00:00+10:00,general,0.4480,0.0000
2025-01-30T00:00+10:00,general,0.4513,0.0000
2025-01-31T00:00+10:00,general,0.4549,0.0000
2025-02-01T00:00+10:00,general,0.4588,0.0000
2025-02-02T00:00+10:00,general,0.4630,0.0000
2025-02-03T00:00+10:00,general,0.4675,0.0000
2025-02-04T00:00+10:00,general,0.4722,0.0000
2025-02-05T00:00+10:00,general,0.4773,0.0000
2025-02-06T00:00+10:00,general,0.4826,0.0000
2025-02-07T00:00+10:00,general,0.4882,0.0000
2025-02-08T00:00+10:00,general,0.4941,0.0000
2025-02-09T00:00+10:00,general,0.5003,0.0000
2025-02-10T00:00+10:00,general,0.5068,0.0000
2025-02-11T00:00+10:00,general,0.5136,0.0000
2025-02-12T00:00+10:00,general,0.5206,0.0000
2025-02-13T00:00+10:00,general,0.5279,0.0000
2025-02-14T00:00+10:00,general,0.5355,0.0000
2025-02-15T00:00+10:00,general,0.5433,0.0000
2025-02-16T00:00+10:00,general,0.5514,0.0000
2025-02-17T00:00+10:00,general,0.5598,0.0000
2025-02-18T00:00+10:00,general,0.5685,0.0000
2025-02-19T00:00+10:00,general,0.5774,0.0000
2025-02-20T00:00+10:00,general,0.5865,0.0000
2025-02-21T00:00+10:00,general,0.5959,0.0000
2025-02-22T00:00+10:00,general,0.6056,0.0000
2025-02-23T00:00+10:00,general,0.6155,0.0000
2025-02-24T00:00+10:00,general,0.6257,0.0000
2025-02-25T00:00+10:00,general,0.6361,0.0000
2025-02-26T00:00+10:00,general,0.6468,0.0000
2025-02-27T00:00+10:00,general,0.6577,0.0000
2025-02-28T00:00+10:00,general,0.6688,0.0000
2025-03-01T00:00+10:00,general,0.6801,0.0000
2025-03-02T00:00+10:00,general,0.6917,0.0000
2025-03-03T00:00+10:00,general,0.7035,0.0000
2025-03-04T00:00+10:00,general,0.7156,0.0000
2025-03-05T00:00+10:00,general,0.7278,0.0000
2025-03-06T00:00+10:00,general,0.7403,0.0000
2025-03-07T00:00+10:00,general,0.7529,0.0000
2025-03-08T00:00+10:00,general,0.7658,0.0000
2025-03-09T00:00+10:00,general,0.7789,0.0000
2025-03-10T00:00+10:00,general,0.7922,0.0000
2025-03-11T00:00+10:00,general,0.8056,0.0000
2025-03-12T00:00+10:00,general,0.8193,0.0000
2025-03-13T00:00+10:00,general,0.8331,0.0000
2025-03-14T00:00+10:00,general,0.8472,0.0000
2025-03-15T00:00+10:00,general,0.8614,0.0000
2025-03-16T00:00+10:00,general,0.8758,0.0000
2025-03-17T00:00+10:00,general,0.8903,0.0000
2025-03-18T00:00+10:00,general,0.9050,0.0000
2025-03-19T00:00+10:00,general,0.9199,0.0000
2025-03-20T00:00+10:00,general,0.9349,0.0000
2025-03-21T00:00+10:00,general,0.9501,0.0000
2025-03-22T00:00+10:00,general,0.9655,0.0000
2025-03-23T00:00+10:00,general,0.9809,0.0000
2025-03-24T00:00+10:00,general,0.9966,0.0000
2025-03-25T00:00+10:00,general,1.0123,0.0000
2025-03-26T00:00+10:00,general,1.0282,0.0000
2025-03-27T00:00+10:00,general,1.0442,0.0000
2025-03-28T00:00+10:00,general,1.0603,0.0000
2025-03-29T00:00+10:00,general,1.0766,0.0000
2025-03-30T00:00+10:00,general,1.0929,0.0000
2025-03-31T00:00+10:00,general,1.1094,0.0000
2025-04-01T00:00+10:00,general,1.1259,0.0000
2025-04-02T00:00+10:00,general,1.1426,0.0000
2025-04-03T00:00+10:00,general,1.1593,0.0000
2025-04-04T00:00+10:00,general,1.1761,0.0000
2025-04-05T00:00+10:00,general,1.1930,0.0000
2025-04-06T00:00+10:00,general,1.2100,0.0000
2025-04-07T00:00+10:00,general,1.2271,0.0000
2025-04-08T00:00+10:00,general,1.2442,0.0000
2025-04-09T00:00+10:00,general,1.2614,0.0000
2025-04-10T00:00+10:00,general,1.2786,0.0000
2025-04-11T00:00+10:00,general,1.2959,0.0000
2025-04-12T00:00+10:00,general,1.3132,0.0000
2025-04-13T00:00+10:00,general,1.3306,0.0000
2025-04-14T00:00+10:00,general,1.3480,0.0000
2025-04-15T00:00+10:00,general,1.3654,0.0000
2025-04-16T00:00+10:00,general,1.3829,0.0000
2025-04-17T00:00+10:00,general,1.4004,0.0000
2025-04-18T00:00+10:00,general,1.4179,0.0000
2025-04-19T00:00+10:00,general,1.4354,0.0000
2025-04-20T00:00+10:00,general,1.4529,0.0000
2025-04-21T00:00+10:00,general,1.4704,0.0000
2025-04-22T00:00+10:00,general,1.4879,0.0000
2025-04-23T00:00+10:00,general,1.5054,0.0000
2025-04-24T00:00+10:00,general,1.5229,0.0000
2025-04-25T00:00+10:00,general,1.5403,0.0000
2025-04-26T00:00+10:00,general,1.5577,0.0000
2025-04-27T00:00+10:00,general,1.5751,0.0000
2025-04-28T00:00+10:00,general,1.5925,0.0000
2025-04-29T00:00+10:00,general,1.6098,0.0000
2025-04-30T00:00+10:00,general,1.6270,0.0000
2025-05-01T00:00+10:00,general,1.6442,0.0000
2025-05-02T00:00+10:00,general,1.6614,0.0000
2025-05-03T00:00+10:00,general,1.6785,0.0000
2025-05-04T00:00+10:00,general,1.6955,0.0000
2025-05-05T00:00+10:00,general,1.7125,0.0000
2025-05-06T00:00+10:00,general,1.7293,0.0000
2025-05-07T00:00+10:00,general,1.7461,0.0000
2025-05-08T00:00+10:00,general,1.7628,0.0000
2025-05-09T00:00+10:00,general,1.7794,0.0000
2025-05-10T00:00+10:00,general,1.7959,0.0000
2025-05-11T00:00+10:00,general,1.8123,0.0000
2025-05-12T00:00+10:00,general,1.8286,0.0000
2025-05-13T00:00+10:00,general,1.8448,0.0000
2025-05-14T00:00+10:00,general,1.8609,0.0000
2025-05-15T00:00+10:00,general,1.8768,0.0000
2025-05-16T00:00+10:00,general,1.8926,0.0000
2025-05-17T00:00+10:00,general,1.9083,0.0000
2025-05-18T00:00+10:00,general,1.9238,0.0000
2025-05-19T00:00+10:00,general,1.9392,0.0000
2025-05-20T00:00+10:00,general,1.9545,0.0000
2025-05-21T00:00+10:00,general,1.9696,0.0000
2025-05-22T00:00+10:00,general,1.9846,0.0000
2025-05-23T00:00+10:00,general,1.9994,0.0000
2025-05-24T00:00+10:00,general,2.0140,0.0000
2025-05-25T00:00+10:00,general,2.0285,0.0000
2025-05-26T00:00+10:00,general,2.0428,0.0000
2025-05-27T00:00+10:00,general,2.0569,0.0000
2025-05-28T00:00+10:00,general,2.0708,0.0000
2025-05-29T00:00+10:00,general,2.0846,0.0000
2025-05-30T00:00+10:00,general,2.0982,0.0000
2025-05-31T00:00+10:00,general,2.1115,0.0000
2025-06-01T00:00+10:00,general,2.1247,0.0000
2025-06-02T00:00+10:00,general,2.1377,0.0000
2025-06-03T00:00+10:00,general,2.1505,0.0000
2025-06-04T00:00+10:00,general,2.1630,0.0000
2025-06-05T00:00+10:00,general,2.1754,0.0000
2025-06-06T00:00+10:00,general,2.1875,0.0000
2025-06-07T00:00+10:00,general,2.1994,0.0000
2025-06-08T00:00+10:00,general,2.2111,0.0000
2025-06-09T00:00+10:00,general,2.2226,0.0000
2025-06-10T00:00+10:00,general,2.2338,0.0000
2025-06-11T00:00+10:00,general,2.2448,0.0000
2025-06-12T00:00+10:00,general,2.2556,0.0000
2025-06-13T00:00+10:00,general,2.2661,0.0000
2025-06-14T00:00+10:00,general,2.2764,0.0000
2025-06-15T00:00+10:00,general,2.2865,0.0000
2025-06-16T00:00+10:00,general,2.2963,0.0000
2025-06-17T00:00+10:00,general,2.3058,0.0000
2025-06-18T00:00+10:00,general,2.3151,0.0000
2025-06-19T00:00+10:00,general,2.3242,0.0000
2025-06-20T00:00+10:00,general,2.3329,0.0000
2025-06-21T00:00+10:00,general,2.3414,0.0000
2025-06-22T00:00+10:00,general,2.3497,0.0000
2025-06-23T00:00+10:00,general,2.3577,0.0000
2025-06-24T00:00+10:00,general,2.3654,0.0000
2025-06-25T00:00+10:00,general,2.3728,0.0000
2025-06-26T00:00+10:00,general,2.3800,0.0000
2025-06-27T00:00+10:00,general,2.3869,0.0000
2025-06-28T00:00+10:00,general,2.3935,0.0000
2025-06-29T00:00+10:00,general,2.3998,0.0000
2025-06-30T00:00+10:00,general,2.4059,0.0000
2025-07-01T00:00+10:00,general,2.4116,0.0000
2025-07-02T00:00+10:00,general,2.4171,0.0000
2025-07-03T00:00+10:00,general,2.4223,0.0000
2025-07-04T00:00+10:00,general,2.4272,0.0000
2025-07-05T00:00+10:00,general,2.4318,0.0000
2025-07-06T00:00+10:00,general,2.4362,0.0000
2025-07-07T00:00+10:00,general,2.4402,0.0000
2025-07-08T00:00+10:00,general,2.4439,0.0000
2025-07-09T00:00+10:00,general,2.4474,0.0000
2025-07-10T00:00+10:00,general,2.4505,0.0000
2025-07-11T00:00+10:00,general,2.4534,0.0000
2025-07-12T00:00+10:00,general,2.4559,0.0000
2025-07-13T00:00+10:00,general,2.4582,0.0000
2025-07-14T00:00+10:00,general,2.4601,0.0000
2025-07-15T00:00+10:00,general,2.4618,0.0000
2025-07-16T00:00+10:00,general,2.4632,0.0000
2025-07-17T00:00+10:00,general,2.4642,0.0000
2025-07-18T00:00+10:00,general,2.4650,0.0000
2025-07-19T00:00+10:00,general,2.4654,0.0000
2025-07-20T00:00+10:00,general,2.4656,0.0000
2025-07-21T00:00+10:00,general,2.4654,0.0000
2025-07-22T00:00+10:00,general,2.4650,0.0000
2025-07-23T00:00+10:00,general,2.4642,0.0000
2025-07-24T00:00+10:00,general,2.4632,0.0000
2025-07-25T00:00+10:00,general,2.4618,0.0000
2025-07-26T00:00+10:00,general,2.4601,0.0000
2025-07-27T00:00+10:00,general,2.4582,0.0000
2025-07-28T00:00+10:00,general,2.4559,0.0000
2025-07-29T00:00+10:00,general,2.4534,0.0000
2025-07-30T00:00+10:00,general,2.4505,0.0000
2025-07-31T00:00+10:00,general,2.4474,0.0000
2025-08-01T00:00+10:00,general,2.4439,0.0000
2025-08-02T00:00+10:00,general,2.4402,0.0000
2025-08-03T00:00+10:00,general,2.4362,0.0000
2025-08-04T00:00+10:00,general,2.4318,0.0000
2025-08-05T00:00+10:00,general,2.4272,0.0000
2025-08-06T00:00+10:00,general,2.4223,0.0000
2025-08-07T00:00+10:00,general,2.4171,0.0000
2025-08-08T00:00+10:00,general,2.4116,0.0000
2025-08-09T00:00+10:00,general,2.4059,0.0000
2025-08-10T00:00+10:00,general,2.3998,0.0000
2025-08-11T00:00+10:00,general,2.3935,0.0000
2025-08-12T00:00+10:00,general,2.3869,0.0000
2025-08-13T00:00+10:00,general,2.3800,0.0000
2025-08-14T00:00+10:00,general,2.3728,0.0000
2025-08-15T00:00+10:00,general,2.3654,0.0000
2025-08-16T00:00+10:00,general,2.3577,0.0000
2025-08-17T00:00+10:00,general,2.3497,0.0000
2025-08-18T00:00+10:00,general,2.3414,0.0000
2025-08-19T00:00+10:00,general,2.3329,0.0000
2025-08-20T00:00+10:00,general,2.3242,0.0000
2025-08-21T00:00+10:00,general,2.3151,0.0000
2025-08-22T00:00+10:00,general,2.3058,0.0000
2025-08-23T00:00+10:00,general,2.2963,0.0000
2025-08-24T00:00+10:00,general,2.2865,0.0000
2025-08-25T00:00+10:00,general,2.2764,0.0000
2025-08-26T00:00+10:00,general,2.2661,0.0000
2025-08-27T00:00+10:00,general,2.2556,0.0000
2025-08-28T00:00+10:00,general,2.2448,0.0000
2025-08-29T00:00+10:00,general,2.2338,0.0000
2025-08-30T00:00+10:00,general,2.2226,0.0000
2025-08-31T00:00+10:00,general,2.2111,0.0000
2025-09-01T00:00+10:00,general,2.1994,0.0000
2025-09-02T00:00+10:00,general,2.1875,0.0000
2025-09-03T00:00+10:00,general,2.1754,0.0000
2025-09-04T00:00+10:00,general,2.1630,0.0000
2025-09-05T00:00+10:00,general,2.1505,0.0000
2025-09-06T00:00+10:00,general,2.1377,0.0000
2025-09-07T00:00+10:00,general,2.1247,0.0000
2025-09-08T00:00+10:00,general,2.1115,0.0000
2025-09-09T00:00+10:00,general,2.0982,0.0000
2025-09-10T00:00+10:00,general,2.0846,0.0000
2025-09-11T00:00+10:00,general,2.0708,0.0000
2025-09-12T00:00+10:00,general,2.0569,0.0000
2025-09-13T00:00+10:00,general,2.0428,0.0000
2025-09-14T00:00+10:00,general,2.0285,0.0000
2025-09-15T00:00+10:00,general,2.0140,0.0000
2025-09-16T00:00+10:00,general,1.9994,0.0000
2025-09-17T00:00+10:00,general,1.9846,0.0000
2025-09-18T00:00+10:00,general,1.9696,0.0000
2025-09-19T00:00+10:00,general,1.9545,0.0000
2025-09-20T00:00+10:00,general,1.9392,0.0000
2025-09-21T00:00+10:00,general,1.9238,0.0000
2025-09-22T00:00+10:00,general,1.9083,0.0000
2025-09-23T00:00+10:00,general,1.8926,0.0000
2025-09-24T00:00+10:00,general,1.8768,0.0000
2025-09-25T00:00+10:00,general,1.8609,0.0000
2025-09-26T00:00+10:00,general,1.8448,0.0000
2025-09-27T00:00+10:00,general,1.8286,0.0000
2025-09-28T00:00+10:00,general,1.8123,0.0000
2025-09-29T00:00+10:00,general,1.7959,0.0000
2025-09-30T00:00+10:00,general,1.7794,0.0000
2025-10-01T00:00+10:00,general,1.7628,0.0000
2025-10-02T00:00+10:00,general,1.7461,0.0000
2025-10-03T00:00+10:00,general,1.7293,0.0000
2025-10-04T00:00+10:00,general,1.7125,0.0000
2025-10-05T00:00+10:00,general,1.6955,0.0000
2025-10-06T00:00+10:00,general,1.6785,0.0000
2025-10-07T00:00+10:00,general,1.6614,0.0000
2025-10-08T00:00+10:00,general,1.6442,0.0000
2025-10-09T00:00+10:00,general,1.6270,0.0000
2025-10-10T00:00+10:00,general,1.6098,0.0000
2025-10-11T00:00+10:00,general,1.5925,0.0000
2025-10-12T00:00+10:00,general,1.5751,0.0000
2025-10-13T00:00+10:00,general,1.5577,0.0000
2025-10-14T00:00+10:00,general,1.5403,0.0000
2025-10-15T00:00+10:00,general,1.5229,0.0000
2025-10-16T00:00+10:00,general,1.5054,0.0000
2025-10-17T00:00+10:00,general,1.4879,0.0000
2025-10-18T00:00+10:00,general,1.4704,0.0000
2025-10-19T00:00+10:00,general,1.4529,0.0000
2025-10-20T00:00+10:00,general,1.4354,0.0000
2025-10-21T00:00+10:00,general,1.4179,0.0000
2025-10-22T00:00+10:00,general,1.4004,0.0000
2025-10-23T00:00+10:00,general,1.3829,0.0000
2025-10-24T00:00+10:00,general,1.3654,0.0000
2025-10-25T00:00+10:00,general,1.3480,0.0000
2025-10-26T00:00+10:00,general,1.3306,0.0000
2025-10-27T00:00+10:00,general,1.3132,0.0000
2025-10-28T00:00+10:00,general,1.2959,0.0000
2025-10-29T00:00+10:00,general,1.2786,0.0000
2025-10-30T00:00+10:00,general,1.2614,0.0000
2025-10-31T00:00+10:00,general,1.2442,0.0000
2025-11-01T00:00+10:00,general,1.2271,0.0000
2025-11-02T00:00+10:00,general,1.2100,0.0000
2025-11-03T00:00+10:00,general,1.1930,0.0000
2025-11-04T00:00+10:00,general,1.1761,0.0000
2025-11-05T00:00+10:00,general,1.1593,0.0000
2025-11-06T00:00+10:00,general,1.1426,0.0000
2025-11-07T00:00+10:00,general,1.1259,0.0000
2025-11-08T00:00+10:00,general,1.1094,0.0000
2025-11-09T00:00+10:00,general,1.0929,0.0000
2025-11-10T00:00+10:00,general,1.0766,0.0000
2025-11-11T00:00+10:00,general,1.0603,0.0000
2025-11-12T00:00+10:00,general,1.0442,0.0000
2025-11-13T00:00+10:00,general,1.0282,0.0000
2025-11-14T00:00+10:00,general,1.0123,0.0000
2025-11-15T00:00+10:00,general,0.9966,0.0000
2025-11-16T00:00+10:00,general,0.9809,0.0000
2025-11-17T00:00+10:00,general,0.9655,0.0000
2025-11-18T00:00+10:00,general,0.9501,0.0000
2025-11-19T00:00+10:00,general,0.9349,0.0000
2025-11-20T00:00+10:00,general,0.9199,0.0000
2025-11-21T00:00+10:00,general,0.9050,0.0000
2025-11-22T00:00+10:00,general,0.8903,0.0000
2025-11-23T00:00+10:00,general,0.8758,0.0000
2025-11-24T00:00+10:00,general,0.8614,0.0000
2025-11-25T00:00+10:00,general,0.8472,0.0000
2025-11-26T00:00+10:00,general,0.8331,0.0000
2025-11-27T00:00+10:00,general,0.8193,0.0000
2025-11-28T00:00+10:00,general,0.8056,0.0000
2025-11-29T00:00+10:00,general,0.7922,0.0000
2025-11-30T00:00+10:00,general,0.7789,0.0000
2025-12-01T00:00+10:00,general,0.7658,0.0000
2025-12-02T00:00+10:00,general,0.7529,0.0000
2025-12-03T00:00+10:00,general,0.7403,0.0000
2025-12-04T00:00+10:00,general,0.7278,0.0000
2025-12-05T00:00+10:00,general,0.7156,0.0000
2025-12-06T00:00+10:00,general,0.7035,0.0000
2025-12-07T00:00+10:00,general,0.6917,0.0000
2025-12-08T00:00+10:00,general,0.6801,0.0000
2025-12-09T00:00+10:00,general,0.6688,0.0000
2025-12-10T00:00+10:00,general,0.6577,0.0000
2025-12-11T00:00+10:00,general,0.6468,0.0000
2025-12-12T00:00+10:00,general,0.6361,0.0000
2025-12-13T00:00+10:00,general,0.6257,0.0000
2025-12-14T00:00+10:00,general,0.6155,0.0000
2025-12-15T00:00+10:00,general,0.6056,0.0000
2025-12-16T00:00+10:00,general,0.5959,0.0000
2025-12-17T00:00+10:00,general,0.5865,0.0000
2025-12-18T00:00+10:00,general,0.5774,0.0000
2025-12-19T00:00+10:00,general,0.5685,0.0000
2025-12-20T00:00+10:00,general,0.5598,0.0000
2025-12-21T00:00+10:00,general,0.5514,0.0000
2025-12-22T00:00+10:00,general,0.5433,0.0000
2025-12-23T00:00+10:00,general,0.5355,0.0000
2025-12-24T00:00+10:00,general,0.5279,0.0000
2025-12-25T00:00+10:00,general,0.5206,0.0000
2025-12-26T00:00+10:00,general,0.5136,0.0000
2025-12-27T00:00+10:00,general,0.5068,0.0000
2025-12-28T00:00+10:00,general,0.5003,0.0000
2025-12-29T00:00+10:00,general,0.4941,0.0000
2025-12-30T00:00+10:00,general,0.4882,0.0000
2025-12-31T00:00+10:00,general,0.4826,0.0000
2026-01-01T00:00+10:00,general,0.4773,0.0000
